Date,Open,High,Low,Close,Adj Close,Volume
8/14/2015,12.01,12.55,11.82,12.33,12.33,129200
8/17/2015,12.37,13.03,12.37,12.8,12.8,157100
8/18/2015,12.8,13.14,12.461,13.02,13.02,226500
8/19/2015,13.01,13.435,12.93,13.28,13.28,217200
8/20/2015,12.92,13.6,12.86,13.37,13.37,256000
8/21/2015,13.11,13.815,12.72,13.74,13.74,115400
8/24/2015,12.82,14.04,11.94,13.74,13.74,229800
8/25/2015,13.93,14.2,12.78,12.8,12.8,421700
8/26/2015,13.26,13.474,11.92,12.06,12.06,261700
8/27/2015,12.3,13.18,11.8,13.18,13.18,166700
8/28/2015,13.25,13.8,13.07,13.74,13.74,144800
8/31/2015,13.79,14.135,13.34,14.02,14.02,111300
9/1/2015,14,14.1,13.56,14.03,14.03,184500
9/2/2015,14.1,15.28,13.78,14.96,14.96,168900
9/3/2015,14.95,15.63,14.44,15.54,15.54,207000
9/4/2015,15.16,15.65,15.134,15.45,15.45,121200
9/8/2015,15.27,15.75,15.184,15.68,15.68,165000
9/9/2015,15.92,16,15.01,15.14,15.14,118300
9/10/2015,15.18,15.18,14.27,14.87,14.87,261300
9/11/2015,14.83,14.98,14.12,14.27,14.27,169100
9/14/2015,14.54,15.9,14.16,15.51,15.51,265100
9/15/2015,15.5,15.85,15,15.69,15.69,275000
9/16/2015,15.79,15.85,15.15,15.73,15.73,205900
9/17/2015,15.43,16.07,15.41,15.77,15.77,151200
9/18/2015,15.61,16.1,15.22,15.66,15.66,624100
9/21/2015,15.74,15.9,15.45,15.66,15.66,92900
9/22/2015,15.38,16.23,15.38,15.75,15.75,269800
9/23/2015,16.110001,16.17,15.59,15.87,15.87,139900
9/24/2015,15.66,16,15.275,15.9,15.9,450100
9/25/2015,16.200001,17.450001,15.9,16.76,16.76,673000
9/28/2015,15.84,16.26,14.75,15.71,15.71,815300
9/29/2015,15.83,16.115,15.05,15.98,15.98,303200
9/30/2015,15.95,16.4,15.52,15.63,15.63,1144700
10/1/2015,15.74,16.200001,14.6,14.67,14.67,333000
10/2/2015,14.51,15.28,14.17,15.27,15.27,245600
10/5/2015,15.25,15.44,14.34,14.81,14.81,91500
10/6/2015,14.75,15.45,14.41,14.85,14.85,115500
10/7/2015,14.83,15.25,14.78,15.18,15.18,106000
10/8/2015,15.25,15.88,15.101,15.48,15.48,156100
10/9/2015,15.4,16.91,15.4,16.34,16.34,431700
10/12/2015,16.18,17.705999,16.18,17,17,407200
10/13/2015,17.459999,17.790001,16.934,17.389999,17.389999,231800
10/14/2015,18,18,16.52,16.9,16.9,253800
10/15/2015,16.9,17.191,16.74,16.99,16.99,197900
10/16/2015,17.08,17.190001,16.41,16.99,16.99,182500
10/19/2015,16.940001,17.16,16.74,17.030001,17.030001,23700
10/20/2015,16.99,17.4,16.799999,16.99,16.99,47900
10/21/2015,17.059999,17.51,16.160999,16.48,16.48,134400
10/22/2015,16.48,17.09,16.440001,16.6,16.6,70900
10/23/2015,16.799999,16.959999,16.450001,16.559999,16.559999,68300
10/26/2015,16.58,16.950001,15.71,16.139999,16.139999,113600
10/27/2015,16.059999,16.379999,15.51,15.79,15.79,172300
10/28/2015,15.93,15.932,15.13,15.55,15.55,114200
10/29/2015,15.45,16.5,15.45,15.98,15.98,75800
10/30/2015,16.040001,16.219999,15.58,15.64,15.64,54000
11/2/2015,15.64,15.885,15.27,15.58,15.58,117900
11/3/2015,15.49,16.110001,15.4,15.89,15.89,102500
11/4/2015,15.87,16.16,14.86,15.3,15.3,226700
11/5/2015,15.42,16.9,14.77,16.719999,16.719999,283700
11/6/2015,16.75,17.697001,16.559999,17.07,17.07,220900
11/9/2015,17.07,17.440001,15.46,15.81,15.81,98700
11/10/2015,15.8,16.5,15.46,16.07,16.07,165400
11/11/2015,16.17,16.26,15.23,15.9,15.9,104400
11/12/2015,15.82,16.110001,15.68,15.97,15.97,49000
11/13/2015,15.84,15.93,15.5,15.86,15.86,133100
11/16/2015,15.83,16.030001,15.69,15.85,15.85,31900
11/17/2015,15.82,16.559999,15.46,16.5,16.5,101800
11/18/2015,16.5,17.478001,15.92,16.99,16.99,86800
11/19/2015,17.01,17.450001,16.66,16.940001,16.940001,84700
11/20/2015,17.049999,18.389999,17.01,17.860001,17.860001,234600
11/23/2015,18,18.375999,17.52,18,18,81200
11/24/2015,17.969999,18.045,17.49,17.99,17.99,55900
11/25/2015,18.049999,18.15,17.9,17.99,17.99,45900
11/27/2015,18,18,17.68,17.969999,17.969999,27000
11/30/2015,17.969999,18,17.65,17.65,17.65,77200
12/1/2015,17.950001,17.950001,17.389999,17.68,17.68,102600
12/2/2015,17.620001,17.620001,17,17.43,17.43,66700
12/3/2015,17.73,18.254999,17.32,17.700001,17.700001,53200
12/4/2015,18.02,18.299999,16.860001,17.08,17.08,101200
12/7/2015,16.85,17.285,16.4,16.629999,16.629999,100800
12/8/2015,16.5,16.799999,15.97,16.07,16.07,208200
12/9/2015,15.77,15.8,15,15.08,15.08,159000
12/10/2015,15.08,15.21,14.66,15.12,15.12,104100
12/11/2015,14.9,15.31,14.6,15.17,15.17,113100
12/14/2015,15.15,16.27,14.81,15.07,15.07,235700
12/15/2015,15.14,15.5,14.811,15.24,15.24,54400
12/16/2015,15.13,15.92,14.89,15.04,15.04,600800
12/17/2015,15.15,15.26,14.4,14.75,14.75,213800
12/18/2015,14.61,15.37,14.61,15.2,15.2,171900
12/21/2015,14.75,15.39,14.52,15.25,15.25,240700
12/22/2015,15.34,15.34,14.73,14.99,14.99,72800
12/23/2015,14.93,15,14.71,14.99,14.99,34900
12/24/2015,15.28,15.28,14.8,14.91,14.91,27600
12/28/2015,14.85,15.17,14.85,14.94,14.94,29300
12/29/2015,14.94,15.205,14.85,15,15,71500
12/30/2015,14.94,15.34,14.782,15.24,15.24,76800
12/31/2015,15.225,15.48,14.93,15.13,15.13,52700
1/4/2016,15.28,15.28,13.83,14.3,14.3,201800
1/5/2016,14.39,15.49,13.69,15.39,15.39,149000
1/6/2016,15.07,15.91,14.53,15.22,15.22,460700
1/7/2016,15.06,15.81,14.65,15.42,15.42,432800
1/8/2016,15.39,15.8,14.64,14.89,14.89,228600
1/11/2016,14.97,14.97,13.98,14.19,14.19,196200
1/12/2016,14.25,14.322,13.39,13.67,13.67,122300
1/13/2016,13.71,13.9,12.58,13.77,13.77,218600
1/14/2016,13.76,14.02,13.18,13.61,13.61,103600
1/15/2016,13.59,13.6,12.59,12.99,12.99,144400
1/19/2016,13.07,13.07,12.07,12.15,12.15,122600
1/20/2016,12,12,11.38,11.75,11.75,191600
1/21/2016,11.75,12.18,11.61,12.02,12.02,105700
1/22/2016,12.2,12.79,11.76,12.5,12.5,82500
1/25/2016,12.44,12.44,11.76,12.03,12.03,91700
1/26/2016,12.28,12.285,11.55,11.73,11.73,54500
1/27/2016,11.77,11.77,11.25,11.34,11.34,58000
1/28/2016,11.47,11.62,11,11.39,11.39,102900
1/29/2016,11.48,12.46,11.48,11.82,11.82,123700
2/1/2016,11.71,11.71,11.01,11.04,11.04,105400
2/2/2016,10.99,11.17,10.6,11,11,101300
2/3/2016,11.06,11.323,10.62,11.01,11.01,66200
2/4/2016,11.1,11.33,10.88,11.1,11.1,72500
2/5/2016,11.13,11.45,10.94,11.25,11.25,217800
2/8/2016,11.27,12,10.88,11.65,11.65,157200
2/9/2016,11.53,11.58,10.69,10.83,10.83,133600
2/10/2016,10.99,11.422,10.86,11.25,11.25,158500
2/11/2016,11,12,10.28,10.28,10.28,274700
2/12/2016,10.43,10.54,9.2,9.82,9.82,291600
2/16/2016,9.9,10.425,9.53,10.18,10.18,320100
2/17/2016,10.2,11.09,9.9,11.04,11.04,318100
2/18/2016,11.12,11.39,10.54,11.27,11.27,147100
2/19/2016,11.26,12.24,11.23,12.14,12.14,324000
2/22/2016,12.3,12.9,12.22,12.9,12.9,279100
2/23/2016,13,13,11.89,12.1,12.1,194700
2/24/2016,11.93,12,11.51,11.86,11.86,155100
2/25/2016,11.79,12.13,11.71,12,12,97600
2/26/2016,11.94,12.29,11.77,11.84,11.84,117600
2/29/2016,11.91,12,11.76,11.78,11.78,45300
3/1/2016,11.8,12.15,11.8,12,12,171000
3/2/2016,11.76,12.2,11.61,11.76,11.76,134900
3/3/2016,11.81,12.36,11.72,12.32,12.32,111200
3/4/2016,12.3,13.19,12.2,13.16,13.16,179600
3/7/2016,13.01,13.8,13.01,13.53,13.53,206900
3/8/2016,13.54,13.64,13.08,13.18,13.18,145200
3/9/2016,13.12,13.13,12.56,12.88,12.88,36500
3/10/2016,12.81,13.08,12.55,12.7,12.7,157800
3/11/2016,12.635,13.28,12.635,13.26,13.26,105000
3/14/2016,13.05,13.5,12.82,13.37,13.37,130300
3/15/2016,13.32,13.544,13.025,13.21,13.21,78200
3/16/2016,13.22,13.75,13.19,13.7,13.7,58500
3/17/2016,13.66,14.58,13.64,14,14,215800
3/18/2016,14,14.06,13.665,13.68,13.68,117000
3/21/2016,13.6,14,13.55,13.91,13.91,86200
3/22/2016,13.74,14,13.74,13.86,13.86,41100
3/23/2016,13.72,13.85,12.87,13.28,13.28,161800
3/24/2016,13.15,13.61,13.12,13.37,13.37,259100
3/28/2016,13.5,13.5,13.19,13.2,13.2,84800
3/29/2016,13.09,13.47,12.81,13.36,13.36,102700
3/30/2016,13.36,13.72,13.36,13.53,13.53,25400
3/31/2016,13.49,13.82,13.01,13.33,13.33,212600
4/1/2016,13.16,13.5,12.93,13.15,13.15,86900
4/4/2016,13.21,13.51,12.92,13.13,13.13,153400
4/5/2016,13.42,13.42,12.97,13.08,13.08,46100
4/6/2016,13.12,13.8,13.12,13.67,13.67,34300
4/7/2016,13.44,13.95,13.43,13.76,13.76,76800
4/8/2016,13.74,13.88,13.59,13.75,13.75,48600
4/11/2016,13.77,14,13.58,13.64,13.64,29100
4/12/2016,13.575,13.85,13.51,13.7,13.7,24100
4/13/2016,13.86,14.33,13.86,14,14,77600
4/14/2016,14.03,14.06,13.71,14,14,102600
4/15/2016,13.99,14.06,13.88,14.01,14.01,91100
4/18/2016,13.92,14.07,13.91,14.01,14.01,125800
4/19/2016,13.99,14.15,13.71,14,14,231300
4/20/2016,13.94,14.15,13.91,13.97,13.97,26600
4/21/2016,13.97,14.03,13.94,13.98,13.98,23700
4/22/2016,13.94,14.09,13.82,13.99,13.99,30900
4/25/2016,13.95,14.08,13.9,14,14,26400
4/26/2016,13.97,14.205,13.87,14.07,14.07,73800
4/27/2016,14.18,14.435,13.88,14.09,14.09,88500
4/28/2016,14.14,14.33,13.78,13.95,13.95,102800
4/29/2016,13.95,14.23,13.45,13.61,13.61,382300
5/2/2016,13.6,13.6,11.91,13.5,13.5,533400
5/3/2016,13.29,13.36,12.52,12.75,12.75,205600
5/4/2016,13.7,15.5,13.7,15.29,15.29,570700
5/5/2016,15.39,15.41,14.35,14.75,14.75,477400
5/6/2016,14.86,15.1,14.215,14.87,14.87,311700
5/9/2016,15,15.05,14.38,14.39,14.39,206500
5/10/2016,14.36,14.66,14.145,14.39,14.39,99000
5/11/2016,14.35,14.467,14.1,14.26,14.26,609600
5/12/2016,14.479,14.479,13.77,14.11,14.11,129900
5/13/2016,14,14.24,14,14.03,14.03,106100
5/16/2016,14,14.24,13.88,13.97,13.97,116600
5/17/2016,13.82,13.82,13.34,13.62,13.62,104500
5/18/2016,13.64,13.75,13.41,13.6,13.6,92000
5/19/2016,13.48,13.61,13.38,13.53,13.53,110700
5/20/2016,13.55,13.65,13.45,13.58,13.58,146800
5/23/2016,13.53,13.95,13.4,13.53,13.53,72200
5/24/2016,13.5,13.56,13.12,13.49,13.49,199900
5/25/2016,13.54,13.605,13.26,13.44,13.44,54500
5/26/2016,13.58,13.58,13.08,13.3,13.3,124300
5/27/2016,13.3,13.75,13.25,13.56,13.56,109200
5/31/2016,13.5,13.57,12.99,13.39,13.39,109500
6/1/2016,13.44,13.81,13.29,13.75,13.75,190300
6/2/2016,13.7,13.82,13.45,13.79,13.79,173800
6/3/2016,13.73,13.94,13.72,13.92,13.92,69500
6/6/2016,13.98,14.1,13.76,13.76,13.76,178900
6/7/2016,14,14,13.63,13.68,13.68,169900
6/8/2016,13.76,13.97,13.6,13.65,13.65,190500
6/9/2016,13.58,13.99,13.51,13.93,13.93,142900
6/10/2016,13.75,13.91,13.49,13.5,13.5,87000
6/13/2016,13.36,13.69,13.12,13.18,13.18,158800
6/14/2016,13.2,13.52,13.1,13.38,13.38,151200
6/15/2016,13.47,14.08,13.47,13.89,13.89,375500
6/16/2016,13.87,14.115,13.69,13.98,13.98,380100
6/17/2016,14.04,14.33,14.02,14.27,14.27,354600
6/20/2016,14.3,14.6,14.225,14.46,14.46,269400
6/21/2016,14.46,14.81,14.35,14.81,14.81,150200
6/22/2016,14.69,14.85,14.27,14.68,14.68,231600
6/23/2016,14.7,14.95,14.54,14.91,14.91,270600
6/24/2016,13.89,14.74,13.75,14.41,14.41,1214400
6/27/2016,14.19,14.82,14.172,14.75,14.75,275700
6/28/2016,14.94,15.86,14.914,15.43,15.43,280300
6/29/2016,15.42,16.08,15.26,16.02,16.02,258500
6/30/2016,16.08,16.58,15.711,16.139999,16.139999,298900
7/1/2016,16,16.57,15.69,16.15,16.15,253600
7/5/2016,16.1,16.1,15.46,15.76,15.76,183000
7/6/2016,15.87,16.639999,15.87,16.43,16.43,264700
7/7/2016,16.389999,16.5,16.32,16.360001,16.360001,131100
7/8/2016,16.32,16.84,16.32,16.51,16.51,288900
7/11/2016,16.709999,16.99,16.610001,16.91,16.91,185800
7/12/2016,16.91,17.209999,16.6,17.110001,17.110001,215700
7/13/2016,17.07,17.290001,16.959999,17.09,17.09,164200
7/14/2016,17.15,17.15,16.709999,17.059999,17.059999,184500
7/15/2016,17.1,17.49,17.01,17.24,17.24,384300
7/18/2016,17.25,17.440001,17.129999,17.41,17.41,215100
7/19/2016,17.42,17.719999,17.360001,17.65,17.65,273200
7/20/2016,17.799999,17.799999,17.299999,17.549999,17.549999,159600
7/21/2016,17.440001,17.65,17.33,17.4,17.4,168800
7/22/2016,17.33,17.42,17.07,17.1,17.1,86000
7/25/2016,16.91,17.43,16.91,17.16,17.16,89000
7/26/2016,17.209999,17.450001,16.98,17.18,17.18,147000
7/27/2016,17.190001,17.33,17.030001,17.26,17.26,216700
7/28/2016,17.799999,17.799999,16.43,17.129999,17.129999,789700
7/29/2016,17,17.67,16.99,17.57,17.57,263300
8/1/2016,17.209999,17.91,17.1,17.780001,17.780001,356100
8/2/2016,17.84,17.98,17.735001,17.950001,17.950001,213300
8/3/2016,17.99,17.99,17.514999,17.709999,17.709999,242200
8/4/2016,17.77,18.09,17.74,17.99,17.99,318500
8/5/2016,18.07,18.35,17.860001,18.25,18.25,719900
8/8/2016,18.299999,19.219999,18.299999,19.18,19.18,616200
8/9/2016,19.16,19.32,18.440001,18.48,18.48,396200
8/10/2016,18.48,18.709999,18.07,18.16,18.16,241600
8/11/2016,18.18,18.25,17.48,17.59,17.59,260500
8/12/2016,17.51,17.57,17.084999,17.450001,17.450001,285500
8/15/2016,17.57,17.860001,17.51,17.629999,17.629999,287100
8/16/2016,17.690001,17.73,17.08,17.24,17.24,274900
8/17/2016,17.299999,17.299999,16.91,17.120001,17.120001,138500
8/18/2016,17.23,17.341999,17.09,17.27,17.27,114100
8/19/2016,17.299999,17.610001,17.23,17.58,17.58,206300
8/22/2016,17.58,17.6,16.83,16.98,16.98,187200
8/23/2016,16.969999,17.365,16.969999,17.290001,17.290001,188000
8/24/2016,17.379999,17.469999,17.27,17.34,17.34,160900
8/25/2016,17.24,17.41,17,17.280001,17.280001,99800
8/26/2016,17.25,17.41,16.99,17.139999,17.139999,229800
8/29/2016,17.200001,17.52,17.190001,17.41,17.41,148100
8/30/2016,17.424999,17.49,17.309999,17.4,17.4,128900
8/31/2016,17.32,17.450001,17.02,17.35,17.35,300700
9/1/2016,17.43,17.636,17.190001,17.549999,17.549999,279900
9/2/2016,17.57,18.049999,17.57,18.02,18.02,261500
9/6/2016,17.610001,18.040001,17.280001,17.450001,17.450001,243900
9/7/2016,17.559999,17.559999,17.15,17.51,17.51,263100
9/8/2016,17.42,17.459999,16.940001,17.120001,17.120001,198900
9/9/2016,17.059999,17.309999,16.709999,17.030001,17.030001,291800
9/12/2016,17,17.219999,16.969999,17.17,17.17,201300
9/13/2016,17.08,17.15,16.870001,17.049999,17.049999,356100
9/14/2016,17,17.49,16.9,17.030001,17.030001,208100
9/15/2016,17,17.129999,16.84,16.99,16.99,305500
9/16/2016,16.99,17.23,16.860001,17.17,17.17,407600
9/19/2016,17.200001,17.6,17.1,17.280001,17.280001,328200
9/20/2016,17.299999,17.67,17.15,17.32,17.32,231900
9/21/2016,17.34,17.549999,17.24,17.51,17.51,103300
9/22/2016,17.5,17.589001,17.309999,17.5,17.5,204900
9/23/2016,17.549999,18.75,17.42,18.549999,18.549999,689200
9/26/2016,18.549999,18.879,18.16,18.57,18.57,501900
9/27/2016,18.65,18.969999,18.465,18.709999,18.709999,681200
9/28/2016,18.68,20.120001,18.610001,19.969999,19.969999,1303700
9/29/2016,20.1,20.379999,19.26,19.92,19.92,976800
9/30/2016,19.969999,19.99,18.98,19.66,19.66,704900
10/3/2016,19.74,19.865999,19.26,19.719999,19.719999,505300
10/4/2016,19.66,20,19.615,19.84,19.84,434500
10/5/2016,20.23,20.83,19.879999,20.290001,20.290001,786300
10/6/2016,20.360001,20.49,19.775,19.93,19.93,646300
10/7/2016,19.91,20.15,19.5,19.85,19.85,763600
10/10/2016,20.02,20.059999,18.709999,18.73,18.73,875200
10/11/2016,18.309999,18.66,17.43,18.049999,18.049999,2263800
10/12/2016,18.049999,18.049999,17.25,17.450001,17.450001,543700
10/13/2016,17.4,17.530001,16.969999,17.360001,17.360001,739200
10/14/2016,17.52,17.99,17.400999,17.709999,17.709999,373000
10/17/2016,17.549999,17.85,17,17.1,17.1,471200
10/18/2016,17.25,17.75,16.950001,17.700001,17.700001,719900
10/19/2016,17.700001,18.049999,17.700001,17.700001,17.700001,350200
10/20/2016,17.75,17.875,17.4,17.700001,17.700001,507300
10/21/2016,17.6,18.075001,17.4,18.049999,18.049999,303000
10/24/2016,18.200001,18.9,18.15,18.549999,18.549999,577000
10/25/2016,18.5,18.6,18.1,18.450001,18.450001,369800
10/26/2016,18.299999,18.4,17.75,17.9,17.9,585400
10/27/2016,19,21.049999,19,20.049999,20.049999,1835600
10/28/2016,19.950001,20.299999,19.799999,20.200001,20.200001,435900
10/31/2016,20.35,21,20.129999,20.700001,20.700001,507300
11/1/2016,20.6,21,19.975,20.200001,20.200001,398200
11/2/2016,20.299999,20.299999,19.150999,20.1,20.1,266400
11/3/2016,20.1,20.25,19.621,19.9,19.9,351100
11/4/2016,19.549999,19.799999,19.155001,19.65,19.65,193300
11/7/2016,19.75,20.1,19.700001,19.85,19.85,240700
11/8/2016,19.75,20.35,19.75,20.25,20.25,2674900
11/9/2016,19.950001,20.450001,19,20.049999,20.049999,321900
11/10/2016,20.200001,20.25,19.75,19.85,19.85,174000
11/11/2016,19.85,20.1,19.5,20.049999,20.049999,268800
11/14/2016,20.1,20.35,19.75,20.299999,20.299999,248100
11/15/2016,20.450001,21.65,20.450001,20.799999,20.799999,661600
11/16/2016,20.9,21.200001,20.5,21.200001,21.200001,512300
11/17/2016,21.35,22.6,21.15,22.25,22.25,819800
11/18/2016,22.25,22.5,21.9,22.200001,22.200001,264400
11/21/2016,22.549999,22.75,22.35,22.5,22.5,249400
11/22/2016,22.700001,22.950001,22.25,22.5,22.5,217400
11/23/2016,22.450001,22.700001,22,22.6,22.6,182700
11/25/2016,22.549999,22.6,22,22.1,22.1,83200
11/28/2016,22,22.200001,21.75,22.1,22.1,198800
11/29/2016,22.15,22.65,21.9,22.299999,22.299999,212900
11/30/2016,22.200001,22.200001,21.299999,21.6,21.6,503200
12/1/2016,21.549999,21.549999,19.799999,20.1,20.1,857900
12/2/2016,20.15,20.35,19.5,19.700001,19.700001,255600
12/5/2016,21.5,21.6,20.450001,20.6,20.6,571100
12/6/2016,20.75,20.950001,20.35,20.85,20.85,418400
12/7/2016,20.799999,20.85,20.200001,20.4,20.4,215800
12/8/2016,20.35,21.049999,20.35,20.950001,20.950001,326700
12/9/2016,20.9,21.299999,20.700001,20.700001,20.700001,158400
12/12/2016,20.65,20.924999,19.650999,20.65,20.65,166200
12/13/2016,20.6,21.049999,20.25,20.5,20.5,181400
12/14/2016,20.35,21.145,20,20.299999,20.299999,202100
12/15/2016,20.4,20.549999,19.950001,20.049999,20.049999,275600
12/16/2016,20.1,20.5,20.1,20.450001,20.450001,515900
12/19/2016,20.6,20.674999,20.000999,20.25,20.25,181700
12/20/2016,20.35,21,20,20.700001,20.700001,252900
12/21/2016,21.35,22.4,20.549999,22.1,22.1,630300
12/22/2016,22.1,22.1,21.525,21.75,21.75,250900
12/23/2016,21.75,21.950001,21.35,21.5,21.5,185700
12/27/2016,21.6,22,21.6,21.950001,21.950001,120600
12/28/2016,21.85,21.950001,21.5,21.549999,21.549999,329500
12/29/2016,21.6,21.917999,21.4,21.65,21.65,140400
12/30/2016,21.700001,21.700001,21.049999,21.299999,21.299999,268300
1/3/2017,21.5,21.9,21.200001,21.65,21.65,299300
1/4/2017,21.65,23.549999,21.6,23.299999,23.299999,690500
1/5/2017,23.799999,24.4,23.549999,24.1,24.1,722700
1/6/2017,24.200001,25,24.124001,24.700001,24.700001,515700
1/9/2017,24.700001,25.700001,24.65,25.65,25.65,394700
1/10/2017,25.700001,26.6,25.5,26.4,26.4,379600
1/11/2017,26.549999,26.6,25.35,25.85,25.85,449100
1/12/2017,25.85,26,24.549999,24.75,24.75,443900
1/13/2017,24.75,25.450001,24.75,24.85,24.85,253500
1/17/2017,24.65,25.200001,24.5,24.6,24.6,310900
1/18/2017,24.65,25.25,24.5,24.549999,24.549999,289100
1/19/2017,24.6,24.950001,24.35,24.65,24.65,177900
1/20/2017,24.75,25.25,24.549999,25.15,25.15,166300
1/23/2017,25.25,25.65,25.15,25.450001,25.450001,310400
1/24/2017,25.5,25.674999,25.1,25.549999,25.549999,219400
1/25/2017,25.65,26.049999,25.549999,25.799999,25.799999,344600
1/26/2017,25.9,25.9,24.950001,25.15,25.15,143600
1/27/2017,25.15,25.35,24.993,25.25,25.25,125800
1/30/2017,25.15,25.15,24.549999,24.6,24.6,202800
1/31/2017,24.5,24.75,24.15,24.35,24.35,152100
2/1/2017,24.450001,24.799999,24.35,24.65,24.65,139200
2/2/2017,24.549999,24.950001,24.299999,24.5,24.5,96200
2/3/2017,24.700001,25.049999,24.35,24.75,24.75,284600
2/6/2017,24.9,24.950001,24.15,24.525,24.525,196200
2/7/2017,24.6,24.799999,24.25,24.6,24.6,181700
2/8/2017,24.6,25.25,24.450001,25.15,25.15,393000
2/9/2017,23.9,25.9,23.65,24.4,24.4,1025100
2/10/2017,24.5,24.5,23.549999,24.35,24.35,409700
2/13/2017,24.4,25.75,24.35,25.200001,25.200001,303300
2/14/2017,25.35,25.812,24.555,24.700001,24.700001,183700
2/15/2017,24.6,25.049999,24.4,24.950001,24.950001,196400
2/16/2017,23.950001,24.9,23.799999,24.4,24.4,272000
2/17/2017,24.4,25,24.35,24.799999,24.799999,113600
2/21/2017,24.9,25.15,24.700001,25.15,25.15,119400
2/22/2017,25.15,25.9,25,25.75,25.75,141900
2/23/2017,25.85,25.85,24.927,25.549999,25.549999,297400
2/24/2017,25.549999,26.5,25.299999,25.950001,25.950001,285900
2/27/2017,25.799999,27.200001,25.65,27.049999,27.049999,537900
2/28/2017,26.950001,27.4,26.275,26.549999,26.549999,412300
3/1/2017,27,27,25.799999,26.35,26.35,384400
3/2/2017,26.549999,26.85,26.1,26.65,26.65,284600
3/3/2017,26.5,27.35,26.5,27.299999,27.299999,200600
3/6/2017,27.25,27.41,26.6,26.65,26.65,217200
3/7/2017,26.5,26.85,26.1,26.25,26.25,325500
3/8/2017,26.4,26.549999,26.1,26.15,26.15,181300
3/9/2017,26.049999,26.6,26,26.299999,26.299999,125200
3/10/2017,26.299999,26.549999,26.09,26.25,26.25,189400
3/13/2017,26.15,26.885,26.15,26.6,26.6,329300
3/14/2017,26.549999,26.754999,26.15,26.200001,26.200001,170800
3/15/2017,26.299999,27.299999,26.299999,27.25,27.25,440400
3/16/2017,27.299999,28.049999,27.1,27.799999,27.799999,499200
3/17/2017,27.799999,28.15,27.549999,27.6,27.6,487200
3/20/2017,27.6,27.950001,27.15,27.85,27.85,205000
3/21/2017,28,28.25,27.275,27.5,27.5,377300
3/22/2017,27.5,27.65,26.75,27,27,282800
3/23/2017,26.950001,27.35,26.75,26.950001,26.950001,116500
3/24/2017,27.200001,27.9,27.15,27.200001,27.200001,144900
3/27/2017,26.85,27.424999,26,27.35,27.35,153200
3/28/2017,27.450001,28,27.4,27.549999,27.549999,126600
3/29/2017,27.75,27.9,27.049999,27.85,27.85,342500
3/30/2017,27.799999,28.1,26.85,27.549999,27.549999,390100
3/31/2017,27.5,27.700001,27.4,27.450001,27.450001,150400
4/3/2017,27.549999,27.75,26.700001,27.65,27.65,291400
4/4/2017,27.5,27.799999,26.4,26.5,26.5,319000
4/5/2017,26.65,27.1,26.299999,26.35,26.35,198400
4/6/2017,26.299999,26.6,26.200001,26.6,26.6,167100
4/7/2017,26.65,26.9,26.049999,26.6,26.6,178000
4/10/2017,26.65,26.950001,26.25,26.35,26.35,104000
4/11/2017,26.299999,26.85,26.223,26.799999,26.799999,384500
4/12/2017,26.85,27.35,26.65,26.65,26.65,301100
4/13/2017,26.65,27.049999,26.4,26.65,26.65,216900
4/17/2017,26.799999,27.799999,26.65,27.6,27.6,462100
4/18/2017,27.549999,27.700001,26.85,27.35,27.35,180800
4/19/2017,27.5,27.549999,26.799999,27,27,192100
4/20/2017,27.1,27.4,26.85,27.35,27.35,264300
4/21/2017,27.299999,27.65,27.15,27.4,27.4,176600
4/24/2017,27.65,28.299999,27.35,27.950001,27.950001,278200
4/25/2017,28.1,28.357,27.9,28.1,28.1,182200
4/26/2017,28.1,28.25,27.85,28,28,159100
4/27/2017,28.15,28.75,28.049999,28.200001,28.200001,265000
4/28/2017,28.200001,28.450001,28,28.35,28.35,311400
5/1/2017,28.4,29.299999,28.200001,29.1,29.1,370600
5/2/2017,29,29.65,29,29.5,29.5,396600
5/3/2017,29.450001,29.75,28.549999,28.6,28.6,489000
5/4/2017,28.65,28.799999,28.299999,28.5,28.5,442800
5/5/2017,25.25,26.5,23.549999,25.85,25.85,2704300
5/8/2017,25.85,26.15,24.825001,25.15,25.15,641400
5/9/2017,25.15,25.725,24.950001,25.35,25.35,419300
5/10/2017,25.450001,26.35,25.35,25.4,25.4,488000
5/11/2017,25.4,26.15,25.200001,26.049999,26.049999,579000
5/12/2017,26.049999,27.1,25.9,26.549999,26.549999,447800
5/15/2017,26.65,27.299999,26.6,27.299999,27.299999,311600
5/16/2017,27.35,27.950001,27.299999,27.799999,27.799999,839500
5/17/2017,27.549999,27.700001,26.950001,27.15,27.15,729300
5/18/2017,27,27.450001,26.6,27.35,27.35,408500
5/19/2017,27.549999,28.25,27.35,28.200001,28.200001,512100
5/22/2017,28.25,28.290001,27.85,28.200001,28.200001,440300
5/23/2017,27.450001,27.950001,27,27.85,27.85,560700
5/24/2017,27.9,28.35,27.700001,27.950001,27.950001,422800
5/25/2017,28.200001,28.549999,27.4,28,28,3204800
5/26/2017,28,28.4,27.875,28.4,28.4,481600
5/30/2017,28.4,28.525,27.700001,27.9,27.9,464200
5/31/2017,28,28.299999,27.924999,28.049999,28.049999,678100
6/1/2017,27.950001,28.25,27.65,28,28,673800
6/2/2017,28.1,28.85,27.950001,28.6,28.6,890800
6/5/2017,28.549999,28.6,27.972,28.15,28.15,393400
6/6/2017,28.4,28.450001,28,28.15,28.15,389700
6/7/2017,28.200001,28.200001,27.5,27.700001,27.700001,239600
6/8/2017,27.65,28,27.35,28,28,406800
6/9/2017,28.5,29.15,26.9,27.9,27.9,1242700
6/12/2017,27.799999,28.325001,27.200001,27.799999,27.799999,662900
6/13/2017,27.9,28.299999,27.4,27.799999,27.799999,683500
6/14/2017,28,28.1,27.049999,27.049999,27.049999,497600
6/15/2017,26.9,27.5,26.575001,27.5,27.5,346000
6/16/2017,27.4,28,27.15,27.85,27.85,695500
6/19/2017,27.950001,28.549999,27.85,28.35,28.35,751900
6/20/2017,28.35,28.5,27.299999,27.6,27.6,263800
6/21/2017,27.65,27.950001,27.375,27.799999,27.799999,250400
6/22/2017,27.950001,28.15,27.549999,27.85,27.85,364300
6/23/2017,27.85,28.35,27.6,28.35,28.35,3305700
6/26/2017,27.9,28.59,27.65,28.200001,28.200001,524500
6/27/2017,28.200001,28.35,27.25,27.25,27.25,339500
6/28/2017,27.299999,27.5,26.700001,27.299999,27.299999,546800
6/29/2017,27.1,27.299999,26.1,27,27,832100
6/30/2017,27,27.700001,26.950001,27.200001,27.200001,327600
7/3/2017,27.25,27.5,25.725,26.1,26.1,433400
7/5/2017,26.200001,26.450001,25.85,26.15,26.15,252000
7/6/2017,25.950001,26,25.125,25.25,25.25,401100
7/7/2017,25.4,25.799999,25.35,25.700001,25.700001,224200
7/10/2017,25.700001,25.950001,25.299999,25.35,25.35,637200
7/11/2017,25.25,25.950001,25.15,25.9,25.9,575300
7/12/2017,26.200001,26.450001,25.700001,25.85,25.85,485300
7/13/2017,25.950001,26.25,25.35,25.525,25.525,595500
7/14/2017,25.6,26.049999,25.5,26.049999,26.049999,361300
7/17/2017,26.049999,26.200001,25.6,25.700001,25.700001,254500
7/18/2017,25.700001,26.15,25.677,25.799999,25.799999,244600
7/19/2017,25.85,26.049999,25.6,25.700001,25.700001,264800
7/20/2017,25.75,25.799999,25.299999,25.549999,25.549999,215600
7/21/2017,25.549999,25.75,25.15,25.75,25.75,434000
7/24/2017,25.799999,26.325001,25.700001,26.200001,26.200001,309700
7/25/2017,26.35,26.4,25.9,26.15,26.15,310600
7/26/2017,26.15,26.4,25.9,26.1,26.1,524500
7/27/2017,25.5,26.35,24.25,25.5,25.5,1362300
7/28/2017,25.450001,26.35,25.35,25.9,25.9,934600
7/31/2017,25.9,26.1,25.65,25.950001,25.950001,499300
8/1/2017,26,26,24.700001,25.15,25.15,588800
8/2/2017,25.200001,25.35,24.950001,25,25,266300
8/3/2017,25,25.275,24.799999,25.1,25.1,236700
8/4/2017,25.15,25.15,24.450001,24.5,24.5,289600
8/7/2017,24.5,24.799999,24.299999,24.4,24.4,234700
8/8/2017,24.450001,24.700001,24.200001,24.4,24.4,201500
8/9/2017,24.35,24.6,24.049999,24.299999,24.299999,250100
8/10/2017,24.200001,24.25,23.15,23.15,23.15,334000
8/11/2017,23.299999,23.799999,23.15,23.6,23.6,342300
8/14/2017,23.799999,24.299999,23.799999,24.25,24.25,181000
8/15/2017,24.15,24.4,23.549999,23.549999,23.549999,262700
8/16/2017,23.6,23.85,23.35,23.450001,23.450001,237400
8/17/2017,23.35,23.35,22.65,22.700001,22.700001,491000
8/18/2017,22.65,23.225,22.200001,23,23,296500
8/21/2017,22.950001,23.25,22.85,23.049999,23.049999,260800
8/22/2017,23.15,23.4,22.9,23.200001,23.200001,336500
8/23/2017,22.950001,23.25,22.700001,22.9,22.9,420700
8/24/2017,23,23.200001,22.6,23.1,23.1,344400
8/25/2017,23.1,23.108,21.9,22.1,22.1,455100
8/28/2017,21.9,22.4,21.573,22.35,22.35,250700
8/29/2017,22.1,22.85,22.049999,22.799999,22.799999,447400
8/30/2017,22.799999,23.35,22.799999,23.25,23.25,228500
8/31/2017,23.35,23.799999,23.25,23.65,23.65,375000
9/1/2017,23.700001,24,23.35,23.9,23.9,488700
9/5/2017,23.65,24.674999,23.65,24.450001,24.450001,561100
9/6/2017,24.549999,24.85,24.200001,24.700001,24.700001,315800
9/7/2017,24.75,25.4,24.549999,25.299999,25.299999,460000
9/8/2017,25.200001,25.450001,24.674999,24.75,24.75,434600
9/11/2017,24.950001,25.450001,24.799999,25.4,25.4,418100
9/12/2017,25.4,25.450001,24.674999,24.85,24.85,344600
9/13/2017,24.700001,24.75,24.1,24.15,24.15,287600
9/14/2017,24.15,24.25,23.75,24.1,24.1,219700
9/15/2017,24.1,24.65,23.85,24.049999,24.049999,954800
9/18/2017,24.049999,24.5,23.950001,24.25,24.25,250500
9/19/2017,24.299999,25,24.299999,25,25,301500
9/20/2017,24.950001,25.15,24.65,24.799999,24.799999,423100
9/21/2017,24.85,25.1,24.5,24.85,24.85,511300
9/22/2017,27.5,27.75,26.5,26.9,26.9,678100
9/25/2017,26.85,26.85,25.549999,26.1,26.1,485800
9/26/2017,26.25,26.65,26,26.200001,26.200001,389000
9/27/2017,26.450001,27,26.15,26.75,26.75,433300
9/28/2017,26.799999,26.799999,25.75,25.950001,25.950001,442100
9/29/2017,25.9,26.4,25.4,25.85,25.85,595000
10/2/2017,26,27.15,25.916,27.15,27.15,534300
10/3/2017,27.200001,28.299999,27.15,28,28,842200
10/4/2017,28.049999,28.200001,27.5,27.549999,27.549999,462700
10/5/2017,27.549999,28.049999,27.299999,27.65,27.65,345300
10/6/2017,27.65,28.4,27.65,28.15,28.15,316400
10/9/2017,28.25,28.25,27.85,27.950001,27.950001,327700
10/10/2017,28.1,28.299999,27.6,27.85,27.85,221000
10/11/2017,27.85,28,27.700001,27.75,27.75,241700
10/12/2017,27.799999,28.25,27.700001,27.9,27.9,405700
10/13/2017,28.1,28.1,27.799999,28,28,396300
10/16/2017,28.25,28.35,27.700001,27.950001,27.950001,220600
10/17/2017,27.9,28.1,27.700001,28,28,294500
10/18/2017,28.1,28.700001,28,28.5,28.5,289000
10/19/2017,28.450001,28.700001,28.093,28.5,28.5,294100
10/20/2017,28.75,28.950001,28.5,28.6,28.6,285100
10/23/2017,28.6,28.950001,28.4,28.700001,28.700001,428900
10/24/2017,28.85,29.200001,28.15,28.950001,28.950001,380400
10/25/2017,28.9,29.299999,28.15,28.4,28.4,462500
10/26/2017,28.4,28.65,28.049999,28.35,28.35,503400
10/27/2017,30,34.112999,29.299999,32.650002,32.650002,2081100
10/30/2017,32.450001,33.450001,32.200001,32.549999,32.549999,982900
10/31/2017,32.599998,32.950001,32.224998,32.25,32.25,781400
11/1/2017,32.549999,32.549999,30.5,30.799999,30.799999,759700
11/2/2017,30.6,31.35,30.4,31.299999,31.299999,476500
11/3/2017,31.200001,32.450001,30.799999,32.299999,32.299999,431100
11/6/2017,32.349998,32.700001,31.85,32.099998,32.099998,407100
11/7/2017,32,32.200001,31.5,31.6,31.6,350200
11/8/2017,31.85,32.049999,31.5,31.9,31.9,323900
11/9/2017,32.049999,32.800999,31.6,32.5,32.5,620900
11/10/2017,32.299999,33.549999,32.200001,33.25,33.25,355000
11/13/2017,33.25,33.549,32.338001,32.549999,32.549999,464200
11/14/2017,32.5,32.75,31.799999,32.049999,32.049999,286400
11/15/2017,31.6,32.650002,31.000999,32.299999,32.299999,410900
11/16/2017,32.799999,34.400002,32.650002,34.049999,34.049999,431700
11/17/2017,33.900002,34.099998,33.099998,33.200001,33.200001,234200
11/20/2017,33.700001,33.849998,33.200001,33.700001,33.700001,275000
11/21/2017,33.900002,34.349998,33.650002,34.200001,34.200001,307100
11/22/2017,34.150002,34.650002,33.900002,34.450001,34.450001,261200
11/24/2017,34.450001,34.849998,33.849998,34.700001,34.700001,179500
11/27/2017,34.700001,36.25,34.650002,36,36,778100
11/28/2017,35.75,35.75,33.375,34.450001,34.450001,901200
11/29/2017,34.299999,34.554001,32.25,32.5,32.5,898600
11/30/2017,32.400002,33.400002,32.049999,32.599998,32.599998,456300
12/1/2017,32.599998,32.900002,30.945999,31.5,31.5,737100
12/4/2017,31.85,32.150002,29.700001,29.799999,29.799999,617700
12/5/2017,29.700001,30.549999,29.5,30,30,363700
12/6/2017,30,30.85,29.9,30.6,30.6,263800
12/7/2017,30.549999,30.75,29.85,30.15,30.15,446900
12/8/2017,30.5,31.049999,30.200001,30.65,30.65,479400
12/11/2017,30.549999,31.110001,30.049999,30.950001,30.950001,344500
12/12/2017,30.85,30.9,30.299999,30.549999,30.549999,220300
12/13/2017,30.6,31.5,30.6,31.299999,31.299999,282000
12/14/2017,31.25,32.450001,31.049999,31.85,31.85,345300
12/15/2017,31.9,32.5,31.5,32.200001,32.200001,446700
12/18/2017,32.450001,33.25,32.299999,32.549999,32.549999,254100
12/19/2017,31.9,32.25,30.5,30.6,30.6,818400
12/20/2017,30.85,31.299999,30.450001,30.65,30.65,381700
12/21/2017,30.799999,31.1,29.700001,29.799999,29.799999,443000
12/22/2017,29.700001,30.450001,28.700001,30.25,30.25,578500
12/26/2017,30.1,30.299999,29.5,30.1,30.1,191300
12/27/2017,30.049999,30.799999,30.049999,30.549999,30.549999,221500
12/28/2017,30.65,30.705,30.049999,30.549999,30.549999,240900
12/29/2017,30.75,30.85,30.299999,30.450001,30.450001,249100
1/2/2018,30.6,31.1,29.75,30.799999,30.799999,907300
1/3/2018,31,32.794998,30.9,32.049999,32.049999,691600
1/4/2018,32.299999,32.650002,31.85,32.099998,32.099998,383700
1/5/2018,32.299999,32.75,31.049999,31.65,31.65,441200
1/8/2018,32,34.25,32,33.599998,33.599998,801200
1/9/2018,33.549999,33.599998,32.275002,32.349998,32.349998,395100
1/10/2018,32.200001,32.626999,31.85,32.25,32.25,342800
1/11/2018,32.299999,33.375,32,33.25,33.25,310300
1/12/2018,33.25,33.549999,32.849998,33.099998,33.099998,191300
1/16/2018,33.5,34.349998,33.099998,33.150002,33.150002,309100
1/17/2018,33.099998,33.549999,32.400002,32.950001,32.950001,426200
1/18/2018,32.950001,33.25,32.799999,33,33,224900
1/19/2018,33.150002,34.5,33.049999,34.349998,34.349998,322900
1/22/2018,34.700001,35.950001,34.450001,35.099998,35.099998,325500
1/23/2018,35.349998,35.349998,34.25,34.349998,34.349998,341900
1/24/2018,34.5,34.799999,33.950001,34.099998,34.099998,226600
1/25/2018,34.400002,35.099998,33.900002,34.849998,34.849998,182200
1/26/2018,35.099998,35.349998,34.450001,35.150002,35.150002,242000
1/29/2018,35.099998,35.099998,34.549999,34.900002,34.900002,190400
1/30/2018,34.450001,35.049999,34.25,34.799999,34.799999,197700
1/31/2018,35.049999,35.300999,34.700001,35.150002,35.150002,321200
2/1/2018,34.849998,35.599998,34.650002,34.950001,34.950001,250400
2/2/2018,34.650002,34.700001,33.5,33.700001,33.700001,394300
2/5/2018,33.25,33.849998,32.700001,33.049999,33.049999,403700
2/6/2018,32.5,33.192001,32,32.5,32.5,511200
2/7/2018,32.299999,33.5,31.6,31.75,31.75,332000
2/8/2018,32,32.099998,30.65,30.700001,30.700001,315300
2/9/2018,30.9,31.200001,29.65,30.9,30.9,449800
2/12/2018,31,31.575001,30.25,31.4,31.4,352200
2/13/2018,31.25,31.9,31,31.700001,31.700001,329100
2/14/2018,31.4,32.799999,31.35,32.599998,32.599998,278100
2/15/2018,33.049999,33.950001,32.900002,33.150002,33.150002,444900
2/16/2018,33,33.674999,32.25,32.799999,32.799999,334100
2/20/2018,32.599998,33.950001,32.599998,33.450001,33.450001,365800
2/21/2018,33.5,34.049999,33.299999,33.349998,33.349998,551500
2/22/2018,34.900002,37.25,33.599998,35.549999,35.549999,1175300
2/23/2018,36,37,35.25,36.799999,36.799999,598400
2/26/2018,36.849998,38.049999,36.775002,37.599998,37.599998,434800
2/27/2018,37.349998,37.599998,36.25,36.25,36.25,408600
2/28/2018,36.349998,37.099998,35.599998,35.650002,35.650002,340900
3/1/2018,35.549999,36.099998,34.799999,35.950001,35.950001,469300
3/2/2018,35.5,37.450001,35.5,37.200001,37.200001,467800
3/5/2018,37.099998,38,36.75,37.900002,37.900002,445900
3/6/2018,38,38.900002,37.549999,37.900002,37.900002,335900
3/7/2018,37.950001,38.349998,37.5,38.049999,38.049999,309500
3/8/2018,38.450001,39.450001,38.099998,39.25,39.25,362300
3/9/2018,39,39.799999,38.900002,39.5,39.5,533600
3/12/2018,39.75,40.349998,39.275002,39.950001,39.950001,366600
3/13/2018,40.549999,43.450001,40.5,41.25,41.25,1386500
3/14/2018,41,41.75,40.303001,41.049999,41.049999,589600
3/15/2018,41.200001,41.450001,40.650002,41.400002,41.400002,193100
3/16/2018,41.549999,42.25,40.950001,42.200001,42.200001,484200
3/19/2018,42,42,40.451,41.299999,41.299999,305300
3/20/2018,41.299999,42.400002,41.299999,42.150002,42.150002,175600
3/21/2018,42.200001,42.75,41.683998,41.950001,41.950001,230700
3/22/2018,41.450001,42.200001,41,41.25,41.25,325700
3/23/2018,41.299999,41.75,39.599998,39.650002,39.650002,345100
3/26/2018,40.400002,41.450001,39.900002,41.450001,41.450001,215500
3/27/2018,41.5,41.5,39.049999,39.299999,39.299999,224500
3/28/2018,39.25,39.75,37.650002,38.549999,38.549999,277200
3/29/2018,39,39.75,38.650002,38.900002,38.900002,601300
4/2/2018,38.700001,38.883999,36.799999,37.5,37.5,540000
4/3/2018,37.75,38.304001,37.599998,38.099998,38.099998,237200
4/4/2018,37.400002,39.150002,37.099998,39.049999,39.049999,258500
4/5/2018,39.400002,40.150002,38.150002,38.5,38.5,515600
4/6/2018,38.099998,39.25,37.950001,38.549999,38.549999,580500
4/9/2018,39,39.5,38.349998,38.400002,38.400002,326900
4/10/2018,39.049999,39.049999,37.75,38.150002,38.150002,339100
4/11/2018,37.900002,38.450001,37.700001,38.099998,38.099998,211500
4/12/2018,38.400002,38.825001,38.200001,38.450001,38.450001,206500
4/13/2018,38.650002,38.650002,36.849998,37.25,37.25,421700
4/16/2018,37.400002,38.150002,37.25,38,38,172200
4/17/2018,38.5,40.049999,38.049999,39.75,39.75,447900
4/18/2018,39.900002,41.150002,39.349998,41.049999,41.049999,273000
4/19/2018,40.799999,41.25,40.5,41,41,287100
4/20/2018,40.799999,41.299999,40.450001,40.599998,40.599998,287400
4/23/2018,40.700001,40.849998,39.599998,39.849998,39.849998,254900
4/24/2018,40.099998,40.349998,38.525002,39,39,258800
4/25/2018,39,39.299999,38.099998,39,39,234500
4/26/2018,39.299999,39.599998,38.75,39.200001,39.200001,175700
4/27/2018,39.349998,39.599998,38.75,39.400002,39.400002,203400
4/30/2018,39.5,40.299999,39.099998,39.650002,39.650002,235900
5/1/2018,39.5,39.650002,38.849998,39.299999,39.299999,468400
5/2/2018,39.5,41.150002,38.950001,40.900002,40.900002,688500
5/3/2018,40.599998,42.200001,40.424999,42.099998,42.099998,301600
5/4/2018,41.799999,44.200001,41.75,43.849998,43.849998,689100
5/7/2018,44.349998,45.5,43.849998,44.599998,44.599998,462600
5/8/2018,44.599998,44.650002,43.549999,43.75,43.75,656700
5/9/2018,37.299999,37.75,34.75,36.049999,36.049999,3574700
5/10/2018,35.900002,36.75,34.950001,36.599998,36.599998,1391200
5/11/2018,36.849998,38.75,36.75,38.400002,38.400002,1338600
5/14/2018,38.400002,39.25,38.400002,38.599998,38.599998,1121600
5/15/2018,38.849998,38.999001,37.653,38.150002,38.150002,580600
5/16/2018,38.049999,39.150002,37.650002,39.049999,39.049999,528900
5/17/2018,38.849998,39.299999,38.5,39.049999,39.049999,509700
5/18/2018,39.099998,39.450001,38.799999,39.400002,39.400002,331600
5/21/2018,39.599998,39.799999,39,39.099998,39.099998,276200
5/22/2018,39.299999,39.299999,38.299999,38.349998,38.349998,267400
5/23/2018,38.049999,39.099998,37.950001,38.75,38.75,260200
5/24/2018,38.599998,38.700001,37.450001,37.5,37.5,605300
5/25/2018,37.450001,38.150002,37.125,37.950001,37.950001,549500
5/29/2018,37.799999,39.150002,37.799999,38.900002,38.900002,413300
5/30/2018,39,39.700001,39,39.150002,39.150002,284700
5/31/2018,39.049999,39.900002,38.950001,39.400002,39.400002,410000
6/1/2018,39.599998,39.599998,38.099998,39.200001,39.200001,377500
6/4/2018,39.200001,40.950001,39.200001,39.900002,39.900002,498900
6/5/2018,40.099998,40.950001,39.950001,40.849998,40.849998,362300
6/6/2018,41,41.200001,38.349998,39.200001,39.200001,743100
6/7/2018,38.799999,38.924999,36.849998,38.099998,38.099998,1305700
6/8/2018,38.299999,39.75,37.849998,39.099998,39.099998,1783600
6/11/2018,39.200001,39.5,38.25,38.900002,38.900002,681900
6/12/2018,38.700001,39.650002,38.549999,39.25,39.25,642000
6/13/2018,39.049999,40.25,38.549999,39.150002,39.150002,454800
6/14/2018,39.25,41.099998,39.25,40.849998,40.849998,549400
6/15/2018,40.650002,40.650002,39.299999,39.549999,39.549999,566400
6/18/2018,39.400002,41,39.25,40.299999,40.299999,582800
